<?xml version="1.0" encoding="UTF-8"?>
<project-private xmlns="http://www.netbeans.org/ns/project-private/1">
    <editor-bookmarks xmlns="http://www.netbeans.org/ns/editor-bookmarks/2" lastBookmarkId="0"/>
    <open-files xmlns="http://www.netbeans.org/ns/projectui-open-files/2">
        <group>
            <file>file:/C:/Users/ricar/OneDrive/Documentos/NetBeansProjects/Rokefeli_Inventario/src/rokefeli/ui/DatosLoteMiel.java</file>
            <file>file:/C:/Users/ricar/OneDrive/Documentos/NetBeansProjects/Rokefeli_Inventario/src/rokefeli/model/Insumo.java</file>
            <file>file:/C:/Users/ricar/OneDrive/Documentos/NetBeansProjects/Rokefeli_Inventario/src/rokefeli/model/LoteMielCosecha.java</file>
            <file>file:/C:/Users/ricar/OneDrive/Documentos/NetBeansProjects/Rokefeli_Inventario/src/rokefeli/logic/GestorInventario.java</file>
            <file>file:/C:/Users/ricar/OneDrive/Documentos/NetBeansProjects/Rokefeli_Inventario/src/rokefeli/ui/InterfazRokefeli.java</file>
            <file>file:/C:/Users/ricar/OneDrive/Documentos/NetBeansProjects/Rokefeli_Inventario/src/rokefeli/model/ProductoFinal.java</file>
            <file>file:/C:/Users/ricar/OneDrive/Documentos/NetBeansProjects/Rokefeli_Inventario/src/rokefeli/ui/DatosInsumo.java</file>
            <file>file:/C:/Users/ricar/OneDrive/Documentos/NetBeansProjects/Rokefeli_Inventario/src/rokefeli/data/InventarioData.java</file>
        </group>
    </open-files>
</project-private>
